t,1.35uM,3uM,5uM
0,2.71E-06,1.23E-05,3.55E-05
0.05025125628,2.71E-06,1.23E-05,3.55E-05
0.1005025126,1.09E-05,5.08E-05,0.0001649573209
0.1507537688,2.48E-05,0.0001207037405,0.000471255313
0.2010050251,4.48E-05,0.0002312424776,0.001150450902
0.2512562814,7.12E-05,0.0003971397877,0.002635080044
0.3015075377,1.05E-04,0.0006404349451,0.005860448882
0.351758794,1.46E-04,0.0009933935953,0.01281103809
0.4020100503,1.97E-04,0.001502705915,0.02754801608
0.4522613065,0.0002581739282,0.002235496198,0.05776163331
0.5025125628,0.0003312767572,0.003287826783,0.1157273779
0.5527638191,0.0004183639166,0.00479658887,0.2144444558
0.6030150754,0.0005218298787,0.00695587731,0.3544919776
0.6532663317,0.0006445736347,0.01003905452,0.5131486336
0.7035175879,0.0007900978793,0.01442751478,0.658117474
0.7537688442,0.0009626283919,0.02064625477,0.7709124956
0.8040201005,0.001167257137,0.02940401052,0.8504432435
0.8542713568,0.001410113038,0.04163083802,0.9036394991
0.9045226131,0.001698564729,0.05849740392,0.9383045622
0.9547738693,0.002041459824,0.08138784477,0.9606154551
1.005025126,0.002449405142,0.111785811,0.9748923363
1.055276382,0.002935091829,0.1510334699,0.9840038879
1.105527638,0.003513668021,0.1999568508,0.989811795
1.155778894,0.004203159325,0.2584328832,0.993511808
1.206030151,0.005024933367,0.3250765538,0.9958683501
1.256281407,0.006004198394,0.3972599202,0.9973690576
1.306532663,0.00717051654,0.4715495126,0.9983246958
1.35678392,0.008558299156,0.5444120987,0.9989332233
1.407035176,0.01020723369,0.612883237,0.9993207147
1.457286432,0.01216256877,0.6749520384,0.9995674559
1.507537688,0.01447515686,0.7296107784,0.9997245719
1.557788945,0.01720112488,0.7766753408,0.9998246176
1.608040201,0.02040101696,0.8165213699,0.999888323
1.658291457,0.02413823986,0.8498384636,0.9999288882
1.708542714,0.02847665297,0.8774461399,0.9999547187
1.75879397,0.03347719773,0.9001754591,0.9999711665
1.809045226,0.03919357189,0.918802807,0.9999816399
1.859296482,0.04566712934,0.9340191485,0.999988309
1.909547739,0.05292141521,0.9464208774,0.9999925556
1.959798995,0.06095699002,0.9565125425,0.9999952597
2.010050251,0.06974738357,0.9647153073,0.9999969815
2.060301508,0.07923706366,0.9713775513,0.999998078
2.110552764,0.08934213309,0.9767856648,0.9999987761
2.16080402,0.09995406841,0.9811740765,0.9999992207
2.211055276,0.1109462579,0.9847341171,0.9999995038
2.261306533,0.1221825356,0.9876216253,0.999999684
2.311557789,0.1335265164,0.9899633526,0.9999997988
2.361809045,0.1448504312,0.9918622915,0.9999998719
2.412060302,0.1560423666,0.9934020727,0.9999999184
2.462311558,0.1670112234,0.9946505723,0.9999999481
2.512562814,0.1776891976,0.9956628622,0.9999999669
2.56281407,0.1880319973,0.996483615,0.9999999789
2.613065327,0.1980172813,0.9971490624,0.9999999866
2.663316583,0.2076419028,0.9976885862,0.9999999915
2.713567839,0.2169185184,0.9981260121,0.9999999946
2.763819095,0.2258720134,0.9984806591,0.9999999965
2.814070352,0.2345360624,0.9987681914,0.9999999978
2.864321608,0.2429500186,0.9990013094,0.9999999986
2.914572864,0.2511562219,0.9991903106,0.9999999991
2.964824121,0.2591977481,0.9993435438,0.9999999994
3.015075377,0.2671165803,0.9994677778,0.9999999996
3.065326633,0.2749521594,0.9995685006,0.9999999998
3.115577889,0.2827402719,0.9996501618,0.9999999999
3.165829146,0.2905122305,0.9997163686,0.9999999999
3.216080402,0.2982943139,0.9997700458,0.9999999999
3.266331658,0.3061074387,0.9998135646,1
3.316582915,0.3139670431,0.9998488474,1
3.366834171,0.3218831635,0.9998774531,1
3.417085427,0.3298606886,0.999900645,1
3.467336683,0.3378997714,0.999919448,1
3.51758794,0.3459963757,0.9999346924,1
3.567839196,0.3541429302,0.9999470519,1
3.618090452,0.3623290582,0.9999570723,1
3.668341709,0.3705423488,0.9999651964,1
3.718592965,0.3787691332,0.999971783,1
3.768844221,0.3869952332,0.999977123,1
3.819095477,0.3952066512,0.9999814525,1
3.869346734,0.4033901772,0.9999849626,1
3.91959799,0.4115338958,0.9999878084,1
3.969849246,0.4196275827,0.9999901157,1
4.020100503,0.4276629883,0.9999919863,1
4.070351759,0.43563401,0.9999935029,1
4.120603015,0.4435367652,0.9999947325,1
4.170854271,0.4513695728,0.9999957293,1
4.221105528,0.459132861,0.9999965376,1
4.271356784,0.4668290138,0.9999971928,1
4.32160804,0.4744621731,0.9999977241,1
4.371859296,0.4820380083,0.9999981548,1
4.422110553,0.4895634666,0.999998504,1
4.472361809,0.4970465144,0.9999987871,1
4.522613065,0.5044958776,0.9999990167,1
4.572864322,0.5119207871,0.9999992028,1
4.623115578,0.5193307362,0.9999993536,1
4.673366834,0.5267352512,0.999999476,1
4.72361809,0.5341436796,0.9999995751,1
4.773869347,0.5415649964,0.9999996555,1
4.824120603,0.5490076295,0.9999997207,1
4.874371859,0.5564793061,0.9999997736,1
4.924623116,0.563986918,0.9999998164,1
4.974874372,0.5715364078,0.9999998512,1
5.025125628,0.5791326755,0.9999998793,1
5.075376884,0.5867795045,0.9999999022,1
5.125628141,0.5944795075,0.9999999207,1
5.175879397,0.6022340919,0.9999999357,1
5.226130653,0.6100434443,0.9999999479,1
5.27638191,0.6179065332,0.9999999577,1
5.326633166,0.6258211298,0.9999999657,1
5.376884422,0.6337838455,0.9999999722,1
5.427135678,0.6417901854,0.9999999775,1
5.477386935,0.6498346161,0.9999999817,1
5.527638191,0.6579106474,0.9999999852,1
5.577889447,0.6660109241,0.999999988,1
5.628140704,0.6741273282,0.9999999903,1
5.67839196,0.6822510889,0.9999999921,1
5.728643216,0.6903728967,0.9999999936,1
5.778894472,0.6984830219,0.9999999948,1
5.829145729,0.7065714335,0.9999999958,1
5.879396985,0.7146279172,0.9999999966,1
5.929648241,0.7226421907,0.9999999972,1
5.979899497,0.7306040132,0.9999999978,1
6.030150754,0.7385032896,0.9999999982,1
6.08040201,0.7463301659,0.9999999985,1
6.130653266,0.7540751165,0.9999999988,1
6.180904523,0.761729021,0.999999999,1
6.231155779,0.7692832311,0.9999999992,1
6.281407035,0.7767296268,0.9999999994,1
6.331658291,0.784060662,0.9999999995,1
6.381909548,0.7912693999,0.9999999996,1
6.432160804,0.7983495374,0.9999999997,1
6.48241206,0.8052954215,0.9999999997,1
6.532663317,0.8121020554,0.9999999998,1
6.582914573,0.8187650978,0.9999999998,1
6.633165829,0.8252808539,0.9999999999,1
6.683417085,0.8316462611,0.9999999999,1
6.733668342,0.837858869,0.9999999999,1
6.783919598,0.8439168143,0.9999999999,1
6.834170854,0.849818793,0.9999999999,1
6.884422111,0.8555640296,0.9999999999,1
6.934673367,0.8611522432,1,1
6.984924623,0.8665836139,1,1
7.035175879,0.8718587471,1,1
7.085427136,0.876978638,1,1
7.135678392,0.8819446366,1,1
7.185929648,0.8867584129,1,1
7.236180905,0.8914219235,1,1
7.286432161,0.895937379,1,1
7.336683417,0.9003072129,1,1
7.386934673,0.9045340527,1,1
7.43718593,0.9086206918,1,1
7.487437186,0.9125700637,1,1
7.537688442,0.916385218,1,1
7.587939698,0.9200692979,1,1
7.638190955,0.9236255202,1,1
7.688442211,0.9270571556,1,1
7.738693467,0.9303675126,1,1
7.788944724,0.9335599214,1,1
7.83919598,0.9366377203,1,1
7.889447236,0.9396042431,1,1
7.939698492,0.942462808,1,1
7.989949749,0.9452167081,1,1
8.040201005,0.9478692023,1,1
8.090452261,0.9504235081,1,1
8.140703518,0.9528827953,1,1
8.190954774,0.9552501799,1,1
8.24120603,0.9575287198,1,1
8.291457286,0.959721411,1,1
8.341708543,0.9618311839,1,1
8.391959799,0.9638609011,1,1
8.442211055,0.9658133552,1,1
8.492462312,0.9676912675,1,1
8.542713568,0.9694972865,1,1
8.592964824,0.9712339877,1,1
8.64321608,0.9729038734,1,1
8.693467337,0.9745093719,1,1
8.743718593,0.976052839,1,1
8.793969849,0.9775365575,1,1
8.844221106,0.9789627385,1,1
8.894472362,0.9803335223,1,1
8.944723618,0.9816509792,1,1
8.994974874,0.982917111,1,1
9.045226131,0.9841338523,1,1
9.095477387,0.9853030716,1,1
9.145728643,0.9864265732,1,1
9.195979899,0.9875060984,1,1
9.246231156,0.9885433273,1,1
9.296482412,0.9895398803,1,1
9.346733668,0.9904973198,1,1
9.396984925,0.9914171516,1,1
9.447236181,0.992300827,1,1
9.497487437,0.993149744,1,1
9.547738693,0.9939652492,1,1
9.59798995,0.9947486392,1,1
9.648241206,0.9955011625,1,1
9.698492462,0.9962240208,1,1
9.748743719,0.9969183707,1,1
9.798994975,0.997585325,1,1
9.849246231,0.9982259545,1,1
9.899497487,0.9988412893,1,1
9.949748744,0.9994323202,1,1
10,1,1,1