t,1uM,1.7uM,3uM,5uM
0,1.39E-06,4.04E-06,1.23E-05,3.55E-05
0.05025125628,1.39E-06,4.04E-06,1.23E-05,3.55E-05
0.1005025126,5.56E-06,1.63E-05,5.08E-05,0.0001649573209
0.1507537688,1.25E-05,3.71E-05,0.0001207037405,0.000471255313
0.2010050251,2.24E-05,6.71E-05,0.0002312424776,0.001150450902
0.2512562814,3.50E-05,1.07E-04,0.0003971397877,0.002635080044
0.3015075377,5.08E-05,1.59E-04,0.0006404349451,0.005860448882
0.351758794,6.94E-05,0.0002233910428,0.0009933935953,0.01281103809
0.4020100503,9.11E-05,0.0003029940479,0.001502705915,0.02754801608
0.4522613065,0.0001161803454,0.0004001675111,0.002235496198,0.05776163331
0.5025125628,0.0001445292123,0.0005180243021,0.003287826783,0.1157273779
0.5527638191,0.0001763570528,0.0006603707803,0.00479658887,0.2144444558
0.6030150754,0.0002118184356,0.0008318413218,0.00695587731,0.3544919776
0.6532663317,0.0002510855553,0.001038061714,0.01003905452,0.5131486336
0.7035175879,0.0002943490529,0.001285846706,0.01442751478,0.658117474
0.7537688442,0.0003418189229,0.001583437861,0.02064625477,0.7709124956
0.8040201005,0.0003937255119,0.001940788763,0.02940401052,0.8504432435
0.8542713568,0.0004503206122,0.002369905464,0.04163083802,0.9036394991
0.9045226131,0.0005118786554,0.002885250804,0.05849740392,0.9383045622
0.9547738693,0.0005786980118,0.003504221637,0.08138784477,0.9606154551
1.005025126,0.0006511023994,0.004247707885,0.111785811,0.9748923363
1.055276382,0.0007294424102,0.005140741247,0.1510334699,0.9840038879
1.105527638,0.0008140971598,0.006213238882,0.1999568508,0.989811795
1.155778894,0.0009054760656,0.007500842584,0.2584328832,0.993511808
1.206030151,0.001004020763,0.009045845971,0.3250765538,0.9958683501
1.256281407,0.001110207168,0.01089818962,0.3972599202,0.9973690576
1.306532663,0.001224547687,0.01311648539,0.4715495126,0.9983246958
1.35678392,0.001347593597,0.01576900472,0.5444120987,0.9989332233
1.407035176,0.001479937586,0.0189345298,0.612883237,0.9993207147
1.457286432,0.001622216486,0.02270292106,0.6749520384,0.9995674559
1.507537688,0.001775114185,0.02717519954,0.7296107784,0.9997245719
1.557788945,0.001939364747,0.03246288502,0.7766753408,0.9998246176
1.608040201,0.002115755741,0.03868627817,0.8165213699,0.999888323
1.658291457,0.002305131795,0.04597134792,0.8498384636,0.9999288882
1.708542714,0.002508398382,0.05444490756,0.8774461399,0.9999547187
1.75879397,0.002726525859,0.0642278696,0.9001754591,0.9999711665
1.809045226,0.002960553759,0.07542659003,0.918802807,0.9999816399
1.859296482,0.003211595359,0.08812266331,0.9340191485,0.999988309
1.909547739,0.003480842532,0.1023619879,0.9464208774,0.9999925556
1.959798995,0.003769570897,0.1181444091,0.9565125425,0.9999952597
2.010050251,0.004079145279,0.1354156219,0.9647153073,0.9999969815
2.060301508,0.004411025492,0.1540631018,0.9713775513,0.999998078
2.110552764,0.004766772458,0.1739174937,0.9767856648,0.9999987761
2.16080402,0.00514805467,0.1947600821,0.9811740765,0.9999992207
2.211055276,0.005556655011,0.2163358607,0.9847341171,0.9999995038
2.261306533,0.005994477948,0.2383705933,0.9876216253,0.999999684
2.311557789,0.006463557085,0.2605894757,0.9899633526,0.9999997988
2.361809045,0.006966063108,0.2827347994,0.9918622915,0.9999998719
2.412060302,0.007504312112,0.304580421,0.9934020727,0.9999999184
2.462311558,0.008080774304,0.3259416725,0.9946505723,0.9999999481
2.512562814,0.008698083101,0.3466803121,0.9956628622,0.9999999669
2.56281407,0.009359044588,0.3667049501,0.996483615,0.9999999789
2.613065327,0.01006664735,0.3859679152,0.9971490624,0.9999999866
2.663316583,0.01082407267,0.404459733,0.9976885862,0.9999999915
2.713567839,0.01163470497,0.4222023319,0.9981260121,0.9999999946
2.763819095,0.01250214267,0.4392418841,0.9984806591,0.9999999965
2.814070352,0.01343020919,0.4556419157,0.9987681914,0.9999999978
2.864321608,0.0144229642,0.4714770731,0.9990013094,0.9999999986
2.914572864,0.01548471501,0.4868277287,0.9991903106,0.9999999991
2.964824121,0.01662002799,0.5017754683,0.9993435438,0.9999999994
3.015075377,0.01783374005,0.5163994205,0.9994677778,0.9999999996
3.065326633,0.0191309699,0.5307733489,0.9995685006,0.9999999998
3.115577889,0.02051712908,0.5449634148,0.9996501618,0.9999999999
3.165829146,0.02199793268,0.5590265284,0.9997163686,0.9999999999
3.216080402,0.02357940936,0.5730092184,0.9997700458,0.9999999999
3.266331658,0.02526791076,0.5869469667,0.9998135646,1
3.316582915,0.0270701199,0.6008639663,0.9998488474,1
3.366834171,0.02899305831,0.6147732686,0.9998774531,1
3.417085427,0.03104409188,0.6286772853,0.999900645,1
3.467336683,0.03323093471,0.6425686081,0.999919448,1
3.51758794,0.03556165111,0.6564311003,0.9999346924,1
3.567839196,0.03804465496,0.6702412054,0.9999470519,1
3.618090452,0.04068870632,0.6839694101,0.9999570723,1
3.668341709,0.04350290479,0.6975817928,0.9999651964,1
3.718592965,0.04649667913,0.7110415872,0.999971783,1
3.768844221,0.04967977274,0.7243106937,0.999977123,1
3.819095477,0.05306222444,0.737351078,0.9999814525,1
3.869346734,0.05665434415,0.7501260102,0.9999849626,1
3.91959799,0.06046668284,0.7626011087,0.9999878084,1
3.969849246,0.06450999641,0.7747451691,0.9999901157,1
4.020100503,0.06879520284,0.7865307737,0.9999919863,1
4.070351759,0.07333333237,0.7979346876,0.9999935029,1
4.120603015,0.07813547012,0.8089380602,0.9999947325,1
4.170854271,0.08321269103,0.8195264546,0.9999957293,1
4.221105528,0.08857598671,0.8296897353,0.9999965376,1
4.271356784,0.09423618428,0.8394218434,0.9999971928,1
4.32160804,0.1002038571,0.8487204892,0.9999977241,1
4.371859296,0.1064892275,0.857586789,0.9999981548,1
4.422110553,0.1131020624,0.8660248707,0.999998504,1
4.472361809,0.1200515619,0.874041467,0.9999987871,1
4.522613065,0.1273462415,0.8816455137,0.9999990167,1
4.572864322,0.1349938101,0.8888477641,0.9999992028,1
4.623115578,0.1430010443,0.8956604281,0.9999993536,1
4.673366834,0.15137366,0.9020968425,0.999999476,1
4.72361809,0.1601161854,0.9081711738,0.9999995751,1
4.773869347,0.1692318353,0.9138981574,0.9999996555,1
4.824120603,0.1787223897,0.9192928694,0.9999997207,1
4.874371859,0.1885880798,0.9243705324,0.9999997736,1
4.924623116,0.1988274841,0.9291463518,0.9999998164,1
4.974874372,0.2094374356,0.9336353799,0.9999998512,1
5.025125628,0.2204129454,0.9378524056,0.9999998793,1
5.075376884,0.2317471428,0.9418118662,0.9999999022,1
5.125628141,0.2434312362,0.9455277788,0.9999999207,1
5.175879397,0.2554544947,0.9490136891,0.9999999357,1
5.226130653,0.2678042549,0.9522826336,0.9999999479,1
5.27638191,0.2804659514,0.955347115,0.9999999577,1
5.326633166,0.2934231725,0.9582190871,0.9999999657,1
5.376884422,0.3066577427,0.9609099483,0.9999999722,1
5.427135678,0.3201498287,0.963430542,0.9999999775,1
5.477386935,0.3338780698,0.9657911625,0.9999999817,1
5.527638191,0.3478197299,0.968001565,0.9999999852,1
5.577889447,0.3619508689,0.9700709792,0.999999988,1
5.628140704,0.3762465309,0.9720081255,0.9999999903,1
5.67839196,0.3906809448,0.973821233,0.9999999921,1
5.728643216,0.4052277349,0.9755180586,0.9999999936,1
5.778894472,0.4198601368,0.9771059069,0.9999999948,1
5.829145729,0.4345512154,0.9785916515,0.9999999958,1
5.879396985,0.4492740797,0.9799817547,0.9999999966,1
5.929648241,0.4640020926,0.9812822887,0.9999999972,1
5.979899497,0.4787090707,0.9824989556,0.9999999978,1
6.030150754,0.4933694717,0.9836371074,0.9999999982,1
6.08040201,0.507958567,0.9847017649,0.9999999985,1
6.130653266,0.5224525966,0.9856976365,0.9999999988,1
6.180904523,0.5368289058,0.9866291362,0.999999999,1
6.231155779,0.5510660616,0.9875004006,0.9999999992,1
6.281407035,0.5651439485,0.988315305,0.9999999994,1
6.331658291,0.5790438444,0.9890774797,0.9999999995,1
6.381909548,0.5927484758,0.9897903239,0.9999999996,1
6.432160804,0.6062420541,0.9904570207,0.9999999997,1
6.48241206,0.6195102934,0.9910805496,0.9999999997,1
6.532663317,0.6325404112,0.9916636996,0.9999999998,1
6.582914573,0.6453211147,0.9922090808,0.9999999998,1
6.633165829,0.6578425718,0.9927191359,0.9999999999,1
6.683417085,0.670096372,0.9931961502,0.9999999999,1
6.733668342,0.6820754758,0.9936422622,0.9999999999,1
6.783919598,0.6937741563,0.9940594723,0.9999999999,1
6.834170854,0.7051879342,0.9944496519,0.9999999999,1
6.884422111,0.7163135074,0.9948145517,0.9999999999,1
6.934673367,0.7271486771,0.9951558093,1,1
6.984924623,0.7376922717,0.9954749561,1,1
7.035175879,0.7479440692,0.9957734249,1,1
7.085427136,0.7579047204,0.9960525556,1,1
7.135678392,0.767575672,0.9963136011,1,1
7.185929648,0.7769590922,0.9965577337,1,1
7.236180905,0.7860577978,0.9967860493,1,1
7.286432161,0.794875185,0.996999573,1,1
7.336683417,0.8034151624,0.9971992635,1,1
7.386934673,0.8116820881,0.9973860173,1,1
7.43718593,0.8196807107,0.9975606728,1,1
7.487437186,0.8274161131,0.9977240142,1,1
7.537688442,0.8348936613,0.9978767746,1,1
7.587939698,0.8421189561,0.9980196398,1,1
7.638190955,0.8490977893,0.998153251,1,1
7.688442211,0.8558361033,0.9982782079,1,1
7.738693467,0.8623399538,0.9983950714,1,1
7.788944724,0.868615477,0.9985043658,1,1
7.83919598,0.874668859,0.9986065816,1,1
7.889447236,0.8805063087,0.9987021774,1,1
7.939698492,0.8861340338,0.9987915823,1,1
7.989949749,0.891558219,0.9988751972,1,1
8.040201005,0.8967850073,0.9989533973,1,1
8.090452261,0.9018204829,0.9990265334,1,1
8.140703518,0.906670657,0.9990949336,1,1
8.190954774,0.9113414551,0.9991589046,1,1
8.24120603,0.9158387063,0.9992187333,1,1
8.291457286,0.9201681338,0.9992746881,1,1
8.341708543,0.9243353479,0.9993270199,1,1
8.391959799,0.9283458388,0.9993759634,1,1
8.442211055,0.9322049726,0.9994217379,1,1
8.492462312,0.9359179861,0.9994645488,1,1
8.542713568,0.939489985,0.9995045879,1,1
8.592964824,0.9429259406,0.9995420349,1,1
8.64321608,0.9462306893,0.9995770575,1,1
8.693467337,0.9494089312,0.9996098127,1,1
8.743718593,0.9524652306,0.9996404474,1,1
8.793969849,0.9554040161,0.9996690989,1,1
8.844221106,0.9582295815,0.9996958956,1,1
8.894472362,0.960946087,0.9997209576,1,1
8.944723618,0.9635575612,0.9997443972,1,1
8.994974874,0.9660679026,0.9997663195,1,1
9.045226131,0.9684808819,0.9997868227,1,1
9.095477387,0.9708001445,0.9998059987,1,1
9.145728643,0.973029213,0.9998239334,1,1
9.195979899,0.9751714896,0.9998407072,1,1
9.246231156,0.9772302594,0.9998563952,1,1
9.296482412,0.9792086929,0.9998710678,1,1
9.346733668,0.981109849,0.9998847906,1,1
9.396984925,0.9829366781,0.9998976252,1,1
9.447236181,0.984692025,0.9999096291,1,1
9.497487437,0.9863786321,0.9999208559,1,1
9.547738693,0.9879991422,0.9999313561,1,1
9.59798995,0.9895561017,0.9999411767,1,1
9.648241206,0.9910519634,0.9999503617,1,1
9.698492462,0.9924890895,0.9999589521,1,1
9.748743719,0.9938697547,0.9999669866,1,1
9.798994975,0.9951961489,0.999974501,1,1
9.849246231,0.9964703798,0.9999815291,1,1
9.899497487,0.9976944762,0.9999881023,1,1
9.949748744,0.9988703902,0.9999942501,1,1
10,1,1,1,1